insert into key values
('C','M'),
('C','m'),
('C#','M'),
('C#','m'),
('D','M'),
('D','m'),
('D#','M'),
('D#','m'),
('E','M'),
('E','m'),
('F','M'),
('F','m'),
('F#','M'),
('F#','m'),
('G','M'),
('G','m'),
('G#','M'),
('G#','m'),
('A','M'),
('A','m'),
('A#','M'),
('A#','m'),
('B','M'),
('B','m');

insert into chord values
('C','C4','E4','G4'),
('Dm','D4','F4','A4'),
('Em','E4','G4','B4'),
('F','F4','A4','C4'),
('G','G4','B4','D4'),
('Am','A4','C4','E4'),
('Bm(♭5)','B4','D4','F4'),
('Bm','C4','E4','G4'),
('D','D4','F#4','A4'),
('F#m(♭5)','C4','E4','G4'),
('F#m','F#4','A4','C#4'),
('A','A4','C#4','E4'),
('C#m(♭5)','C#4','E4','G4'),
('C#m','C#4','E4','G#4'),
('E','E4','G#4','B4'),
('G#m(♭5)','G#4','B4','D4'),
('G#m','G#4','B4','D#4'),
('B','B4','D#4','F#4'),
('D#m(♭5)','D#4','F#4','A4'),
('D#m','D#4','F#4','A#4'),
('F#','F#4','A#4','C#4'),
('A#m(♭5)','A#4','C#4','E4'),
('Gm','G4','A#4','D4'),
('A#','A#4','D4','F4'),
('Em(♭5)','E4','G4','A#4'),
('Cm','C4','D#4','G4'),
('D#','D#4','G4','A#4'),
('Am(♭5)','A4','C4','D#4'),
('Fm','F4','G#4','C4'),
('G#','G#4','C4','D#4'),
('Dm(♭5)','D4','F4','G#4'),
('A#m','A#4','C#4','F4'),
('C#','C#4','F4','G#4'),
('Gm(♭5)','G4','A#4','C#4'),
('Cm(♭5)','C4','D#4','F#4'),
('B#','B#4','D#4','F#4'),
('Fm(♭5)','F4','G#4','B#4');


insert into diatonic_chord values
('C','M','C','Dm','Em','F','G','Am','Bm(♭5)'),
('G','M','G','Am','Bm','C','D','Em','F#m(♭5)'),
('D','M','D','Em','F#m','G','A','Bm','C#m(♭5)'),
('A','M','A','Bm','C#m','D','E','F#m','G#m(♭5)'),
('E','M','E','F#m','G#m','A','B','C#m','D#m(♭5)'),
('B','M','B','C#m','D#m','E','F#','G#m','A#m(♭5)'),
('F','M','F','Gm','Am','A#','C','Dm','Em(♭5)'),
('A#','M','A#','Cm','Dm','D#','F','Gm','Am(♭5)'),
('D#','M','D#','Fm','Gm','G#','A#','Cm','Dm(♭5)'),
('G#','M','G#','A#m','Cm','C#','D#','Fm','Gm(♭5)'),
('C#','M','C#','D#m','Fm','F#','G#','A#m','Cm(♭5)'),
('F#','M','F#','G#m','A#m','B#','C#','D#m','Fm(♭5)'),
('A','m','Am','Bm(♭5)','C','Dm','Em','F','G'),
('E','m','Em','F#m(♭5)','G','Am','Bm','C','D'),
('B','m','Bm','C#m(♭5)','D','Em','F#m','G','A'),
('F#','m','F#m','G#m(♭5)','A','Bm','C#m','D','E'),
('C#','m','C#m','D#m(♭5)','E','F#m','G#m','A','B'),
('G#','m','G#m','A#m(♭5)','B','C#m','D#m','E','F#'),
('D','m','Dm','Em(♭5)','F','Gm','Am','A#','C'),
('G','m','Gm','Am(♭5)','A#','Cm','Dm','D#','F'),
('C','m','Cm','Dm(♭5)','D#','Fm','Gm','G#','A#'),
('F','m','Fm','Gm(♭5)','G#','A#m','Cm','C#','D#'),
('A#','m','A#m','Cm(♭5)','C#','D#m','Fm','F#','G#'),
('D#','m','D#m','Fm(♭5)','F#','G#m','A#m','B#','C#');
